<?xml version = '1.0' encoding = 'UTF-8'?>
<plugins>
    <pyqgis_plugin name="SecondaryCoordinates" version="0.1.1">
        <description><![CDATA[Display a secondary coordinate system in the tool bar.]]></description>
        <version>0.1.1</version>
        <qgis_minimum_version>3.38</qgis_minimum_version>
        <author_name>Ed Weber</author_name>
        <download_url>https://github.com/edweber/SecondaryCoordinates/raw/main/downloads/SecondaryCoordinates.zip</download_url>
        <uploaded_by>Ed Weber</uploaded_by>
        <create_date>2025-01-28</create_date>
        <update_date>2025-01-28</update_date>
        <deprecated>False</deprecated>
        <tracker>https://github.com/edweber/SecondaryCoordinates/issues</tracker>
        <repository>https://github.com/edweber/SecondaryCoordinates</repository>
        <tags>coordinates, coordinate, crs, transformation</tags>
    </pyqgis_plugin>
</plugins>
